compound,smiles
baicalin,C1=CC=C(C=C1)C2=CC(=O)C3=C(C(=C(C=C3O2)O[C@H]4[C@@H]([C@H]([C@@H]([C@H](O4)C(=O)O)O)O)O)O)O
Wogonin,COC1=C(C=C(C2=C1OC(=CC2=O)C3=CC=CC=C3)O)O
Wogonin,COC1=C(C=C(C2=C1OC(=CC2=O)C3=CC=CC=C3)O)O
scutellarin,C1=CC(=CC=C1C2=CC(=O)C3=C(O2)C=C(C(=C3O)O)O)O
scutellarin,C1=CC(=CC=C1C2=CC(=O)C3=C(O2)C=C(C(=C3O)O)O)O
scutellarin,C1=CC(=CC=C1C2=CC(=O)C3=C(C(=C(C=C3O2)O[C@H]4[C@@H]([C@H]([C@@H]([C@H](O4)C(=O)O)O)O)O)O)O)O
scutellarin,C1=CC(=CC=C1C2=CC(=O)C3=C(C(=C(C=C3O2)O[C@H]4[C@@H]([C@H]([C@@H]([C@H](O4)C(=O)O)O)O)O)O)O)O
chrysin,C1=CC=C(C=C1)C2=CC(=O)C3=C(C=C(C=C3O2)O)O
chrysin,C1=CC=C(C=C1)C2=CC(=O)C3=C(C=C(C=C3O2)O)O
liquiritigenin,C1[C@H](OC2=C(C1=O)C=CC(=C2)O)C3=CC=C(C=C3)O
liquiritigenin,C1[C@H](OC2=C(C1=O)C=CC(=C2)O)C3=CC=C(C=C3)O
ginsenoside Rb1,CC(=CCC[C@@](C)([C@H]1CC[C@@]2([C@@H]1[C@@H](C[C@H]3[C@]2(CC[C@@H]4[C@@]3(CC[C@@H](C4(C)C)O[C@H]5[C@@H]([C@H]([C@@H]([C@H](O5)CO)O)O)O[C@H]6[C@@H]([C@H]([C@@H]([C@H](O6)CO)O)O)O)C)C)O)C)O[C@H]7[C@@H]([C@H]([C@@H]([C@H](O7)CO[C@H]8[C@@H]([C@H]([C@@H]([C@H](O8)CO)O)O)O)O)O)O)C
berberine,COC1=C(C2=C[N+]3=C(C=C2C=C1)C4=CC5=C(C=C4CC3)OCO5)OC
berberine,COC1=C(C2=C[N+]3=C(C=C2C=C1)C4=CC5=C(C=C4CC3)OCO5)OC
berberine,COC1=C(C2=C[N+]3=C(C=C2C=C1)C4=CC5=C(C=C4CC3)OCO5)OC
berberine,COC1=C(C2=C[N+]3=C(C=C2C=C1)C4=CC5=C(C=C4CC3)OCO5)OC
berberine,COC1=C(C2=C[N+]3=C(C=C2C=C1)C4=CC5=C(C=C4CC3)OCO5)OC
palmatine,COC1=C(C2=C[N+]3=C(C=C2C=C1)C4=CC(=C(C=C4CC3)OC)OC)OC
palmatine,COC1=C(C2=C[N+]3=C(C=C2C=C1)C4=CC(=C(C=C4CC3)OC)OC)OC
palmatine,COC1=C(C2=C[N+]3=C(C=C2C=C1)C4=CC(=C(C=C4CC3)OC)OC)OC
palmatine,COC1=C(C2=C[N+]3=C(C=C2C=C1)C4=CC(=C(C=C4CC3)OC)OC)OC
quercetin,C1=CC(=C(C=C1C2=C(C(=O)C3=C(C=C(C=C3O2)O)O)O)O)O
quercetin,C1=CC(=C(C=C1C2=C(C(=O)C3=C(C=C(C=C3O2)O)O)O)O)O
quercetin,C1=CC(=C(C=C1C2=C(C(=O)C3=C(C=C(C=C3O2)O)O)O)O)O
quercetin,C1=CC(=C(C=C1C2=C(C(=O)C3=C(C=C(C=C3O2)O)O)O)O)O
kaempferol,C1=CC(=CC=C1C2=C(C(=O)C3=C(C=C(C=C3O2)O)O)O)O
kaempferol,C1=CC(=CC=C1C2=C(C(=O)C3=C(C=C(C=C3O2)O)O)O)O
kaempferol,C1=CC(=CC=C1C2=C(C(=O)C3=C(C=C(C=C3O2)O)O)O)O
kaempferol,C1=CC(=CC=C1C2=C(C(=O)C3=C(C=C(C=C3O2)O)O)O)O
kaempferol,C1=CC(=CC=C1C2=C(C(=O)C3=C(C=C(C=C3O2)O)O)O)O
kaempferol,C1=CC(=CC=C1C2=C(C(=O)C3=C(C=C(C=C3O2)O)O)O)O
apigenin,COC1=C2C(=CC3=C1OC=C3)C=CC(=O)O2
apigenin,COC1=C2C(=CC3=C1OC=C3)C=CC(=O)O2
apigenin,COC1=C2C(=CC3=C1OC=C3)C=CC(=O)O2
apigenin,COC1=C2C(=CC3=C1OC=C3)C=CC(=O)O2
apigenin,COC1=C2C(=CC3=C1OC=C3)C=CC(=O)O2
apigenin,COC1=C2C(=CC3=C1OC=C3)C=CC(=O)O2
apigenin,COC1=C2C(=CC3=C1OC=C3)C=CC(=O)O2
apigenin,COC1=C2C(=CC3=C1OC=C3)C=CC(=O)O2
apigenin,COC1=C2C(=CC3=C1OC=C3)C=CC(=O)O2
apigenin,COC1=C2C(=CC3=C1OC=C3)C=CC(=O)O2
baicalein,C1=CC=C(C=C1)C2=CC(=O)C3=C(O2)C=C(C(=C3O)O)O
baicalein,C1=CC=C(C=C1)C2=CC(=O)C3=C(O2)C=C(C(=C3O)O)O
baicalein,C1=CC=C(C=C1)C2=CC(=O)C3=C(O2)C=C(C(=C3O)O)O
baicalein,C1=CC=C(C=C1)C2=CC(=O)C3=C(O2)C=C(C(=C3O)O)O
baicalein,C1=CC=C(C=C1)C2=CC(=O)C3=C(O2)C=C(C(=C3O)O)O
baicalein,C1=CC=C(C=C1)C2=CC(=O)C3=C(O2)C=C(C(=C3O)O)O
baicalein,C1=CC=C(C=C1)C2=CC(=O)C3=C(O2)C=C(C(=C3O)O)O
baicalein,C1=CC=C(C=C1)C2=CC(=O)C3=C(O2)C=C(C(=C3O)O)O
baicalein,C1=CC=C(C=C1)C2=CC(=O)C3=C(O2)C=C(C(=C3O)O)O
baicalein,C1=CC=C(C=C1)C2=CC(=O)C3=C(O2)C=C(C(=C3O)O)O
baicalin,C1=CC=C(C=C1)C2=CC(=O)C3=C(C(=C(C=C3O2)O[C@H]4[C@@H]([C@H]([C@@H]([C@H](O4)C(=O)O)O)O)O)O)O
baicalin,C1=CC=C(C=C1)C2=CC(=O)C3=C(C(=C(C=C3O2)O[C@H]4[C@@H]([C@H]([C@@H]([C@H](O4)C(=O)O)O)O)O)O)O
baicalin,C1=CC=C(C=C1)C2=CC(=O)C3=C(C(=C(C=C3O2)O[C@H]4[C@@H]([C@H]([C@@H]([C@H](O4)C(=O)O)O)O)O)O)O
baicalin,C1=CC=C(C=C1)C2=CC(=O)C3=C(C(=C(C=C3O2)O[C@H]4[C@@H]([C@H]([C@@H]([C@H](O4)C(=O)O)O)O)O)O)O
baicalin,C1=CC=C(C=C1)C2=CC(=O)C3=C(C(=C(C=C3O2)O[C@H]4[C@@H]([C@H]([C@@H]([C@H](O4)C(=O)O)O)O)O)O)O
baicalin,C1=CC=C(C=C1)C2=CC(=O)C3=C(C(=C(C=C3O2)O[C@H]4[C@@H]([C@H]([C@@H]([C@H](O4)C(=O)O)O)O)O)O)O
baicalin,C1=CC=C(C=C1)C2=CC(=O)C3=C(C(=C(C=C3O2)O[C@H]4[C@@H]([C@H]([C@@H]([C@H](O4)C(=O)O)O)O)O)O)O
baicalin,C1=CC=C(C=C1)C2=CC(=O)C3=C(C(=C(C=C3O2)O[C@H]4[C@@H]([C@H]([C@@H]([C@H](O4)C(=O)O)O)O)O)O)O
baicalin,C1=CC=C(C=C1)C2=CC(=O)C3=C(C(=C(C=C3O2)O[C@H]4[C@@H]([C@H]([C@@H]([C@H](O4)C(=O)O)O)O)O)O)O
baicalin,C1=CC=C(C=C1)C2=CC(=O)C3=C(C(=C(C=C3O2)O[C@H]4[C@@H]([C@H]([C@@H]([C@H](O4)C(=O)O)O)O)O)O)O
bergapten,COC1=C2C=CC(=O)OC2=CC3=C1C=CO3
bergapten,COC1=C2C=CC(=O)OC2=CC3=C1C=CO3
bergapten,COC1=C2C=CC(=O)OC2=CC3=C1C=CO3
bergapten,COC1=C2C=CC(=O)OC2=CC3=C1C=CO3
bergapten,COC1=C2C=CC(=O)OC2=CC3=C1C=CO3
bergapten,COC1=C2C=CC(=O)OC2=CC3=C1C=CO3
bergapten,COC1=C2C=CC(=O)OC2=CC3=C1C=CO3
bergapten,COC1=C2C=CC(=O)OC2=CC3=C1C=CO3
butylidenephthalide,CCC/C=C/1\C2=CC=CC=C2C(=O)O1
butylidenephthalide,CCC/C=C/1\C2=CC=CC=C2C(=O)O1
butylidenephthalide,CCC/C=C/1\C2=CC=CC=C2C(=O)O1
caffeic acid,C1=CC(=C(C=C1/C=C/C(=O)O)O)O
caffeic acid,C1=CC(=C(C=C1/C=C/C(=O)O)O)O
caffeic acid,C1=CC(=C(C=C1/C=C/C(=O)O)O)O
caffeic acid,C1=CC(=C(C=C1/C=C/C(=O)O)O)O
caffeic acid,C1=CC(=C(C=C1/C=C/C(=O)O)O)O
caffeic acid,C1=CC(=C(C=C1/C=C/C(=O)O)O)O
caffeic acid,C1=CC(=C(C=C1/C=C/C(=O)O)O)O
caffeic acid,C1=CC(=C(C=C1/C=C/C(=O)O)O)O
chlorogenic acid,C1[C@H]([C@H]([C@@H](C[C@@]1(C(=O)O)O)OC(=O)/C=C/C2=CC(=C(C=C2)O)O)O)O
chlorogenic acid,C1[C@H]([C@H]([C@@H](C[C@@]1(C(=O)O)O)OC(=O)/C=C/C2=CC(=C(C=C2)O)O)O)O
chlorogenic acid,C1[C@H]([C@H]([C@@H](C[C@@]1(C(=O)O)O)OC(=O)/C=C/C2=CC(=C(C=C2)O)O)O)O
chlorogenic acid,C1[C@H]([C@H]([C@@H](C[C@@]1(C(=O)O)O)OC(=O)/C=C/C2=CC(=C(C=C2)O)O)O)O
chlorogenic acid,C1[C@H]([C@H]([C@@H](C[C@@]1(C(=O)O)O)OC(=O)/C=C/C2=CC(=C(C=C2)O)O)O)O
chlorogenic acid,C1[C@H]([C@H]([C@@H](C[C@@]1(C(=O)O)O)OC(=O)/C=C/C2=CC(=C(C=C2)O)O)O)O
chlorogenic acid,C1[C@H]([C@H]([C@@H](C[C@@]1(C(=O)O)O)OC(=O)/C=C/C2=CC(=C(C=C2)O)O)O)O
chrysin,C1=CC=C(C=C1)C2=CC(=O)C3=C(C=C(C=C3O2)O)O
chrysin,C1=CC=C(C=C1)C2=CC(=O)C3=C(C=C(C=C3O2)O)O
chrysin,C1=CC=C(C=C1)C2=CC(=O)C3=C(C=C(C=C3O2)O)O
chrysin,C1=CC=C(C=C1)C2=CC(=O)C3=C(C=C(C=C3O2)O)O
chrysin,C1=CC=C(C=C1)C2=CC(=O)C3=C(C=C(C=C3O2)O)O
chrysin,C1=CC=C(C=C1)C2=CC(=O)C3=C(C=C(C=C3O2)O)O
chrysin,C1=CC=C(C=C1)C2=CC(=O)C3=C(C=C(C=C3O2)O)O
chrysin,C1=CC=C(C=C1)C2=CC(=O)C3=C(C=C(C=C3O2)O)O
chrysin,C1=CC=C(C=C1)C2=CC(=O)C3=C(C=C(C=C3O2)O)O
chrysin,C1=CC=C(C=C1)C2=CC(=O)C3=C(C=C(C=C3O2)O)O
cryptotanshinone,C[C@H]1COC2=C1C(=O)C(=O)C3=C2C=CC4=C3CCCC4(C)C
cryptotanshinone,C[C@H]1COC2=C1C(=O)C(=O)C3=C2C=CC4=C3CCCC4(C)C
cryptotanshinone,C[C@H]1COC2=C1C(=O)C(=O)C3=C2C=CC4=C3CCCC4(C)C
cryptotanshinone,C[C@H]1COC2=C1C(=O)C(=O)C3=C2C=CC4=C3CCCC4(C)C
cryptotanshinone,C[C@H]1COC2=C1C(=O)C(=O)C3=C2C=CC4=C3CCCC4(C)C
cryptotanshinone,C[C@H]1COC2=C1C(=O)C(=O)C3=C2C=CC4=C3CCCC4(C)C
cryptotanshinone,C[C@H]1COC2=C1C(=O)C(=O)C3=C2C=CC4=C3CCCC4(C)C
cryptotanshinone,C[C@H]1COC2=C1C(=O)C(=O)C3=C2C=CC4=C3CCCC4(C)C
cryptotanshinone,C[C@H]1COC2=C1C(=O)C(=O)C3=C2C=CC4=C3CCCC4(C)C
cryptotanshinone,C[C@H]1COC2=C1C(=O)C(=O)C3=C2C=CC4=C3CCCC4(C)C
curcumin,COC1=C(C=CC(=C1)/C=C/C(=O)CC(=O)/C=C/C2=CC(=C(C=C2)O)OC)O
curcumin,COC1=C(C=CC(=C1)/C=C/C(=O)CC(=O)/C=C/C2=CC(=C(C=C2)O)OC)O
curcumin,COC1=C(C=CC(=C1)/C=C/C(=O)CC(=O)/C=C/C2=CC(=C(C=C2)O)OC)O
curcumin,COC1=C(C=CC(=C1)/C=C/C(=O)CC(=O)/C=C/C2=CC(=C(C=C2)O)OC)O
curcumin,COC1=C(C=CC(=C1)/C=C/C(=O)CC(=O)/C=C/C2=CC(=C(C=C2)O)OC)O
curcumin,COC1=C(C=CC(=C1)/C=C/C(=O)CC(=O)/C=C/C2=CC(=C(C=C2)O)OC)O
curcumin,COC1=C(C=CC(=C1)/C=C/C(=O)CC(=O)/C=C/C2=CC(=C(C=C2)O)OC)O
curcumin,COC1=C(C=CC(=C1)/C=C/C(=O)CC(=O)/C=C/C2=CC(=C(C=C2)O)OC)O
curcumin,COC1=C(C=CC(=C1)/C=C/C(=O)CC(=O)/C=C/C2=CC(=C(C=C2)O)OC)O
curcumin,COC1=C(C=CC(=C1)/C=C/C(=O)CC(=O)/C=C/C2=CC(=C(C=C2)O)OC)O
dihydrotanshinone I,C[C@H]1COC2=C1C(=O)C(=O)C3=C2C=CC4=C(C=CC=C43)C
dihydrotanshinone I,C[C@H]1COC2=C1C(=O)C(=O)C3=C2C=CC4=C(C=CC=C43)C
dihydrotanshinone I,C[C@H]1COC2=C1C(=O)C(=O)C3=C2C=CC4=C(C=CC=C43)C
dihydrotanshinone I,C[C@H]1COC2=C1C(=O)C(=O)C3=C2C=CC4=C(C=CC=C43)C
dihydrotanshinone I,C[C@H]1COC2=C1C(=O)C(=O)C3=C2C=CC4=C(C=CC=C43)C
dihydrotanshinone I,C[C@H]1COC2=C1C(=O)C(=O)C3=C2C=CC4=C(C=CC=C43)C
dihydrotanshinone I,C[C@H]1COC2=C1C(=O)C(=O)C3=C2C=CC4=C(C=CC=C43)C
dihydrotanshinone I,C[C@H]1COC2=C1C(=O)C(=O)C3=C2C=CC4=C(C=CC=C43)C
dihydrotanshinone I,C[C@H]1COC2=C1C(=O)C(=O)C3=C2C=CC4=C(C=CC=C43)C
diosmetin,COC1=C(C=C(C=C1)C2=CC(=O)C3=C(C=C(C=C3O2)O)O)O
diosmetin,COC1=C(C=C(C=C1)C2=CC(=O)C3=C(C=C(C=C3O2)O)O)O
diosmetin,COC1=C(C=C(C=C1)C2=CC(=O)C3=C(C=C(C=C3O2)O)O)O
diosmetin,COC1=C(C=C(C=C1)C2=CC(=O)C3=C(C=C(C=C3O2)O)O)O
diosmetin,COC1=C(C=C(C=C1)C2=CC(=O)C3=C(C=C(C=C3O2)O)O)O
diosmetin,COC1=C(C=C(C=C1)C2=CC(=O)C3=C(C=C(C=C3O2)O)O)O
diosmetin,COC1=C(C=C(C=C1)C2=CC(=O)C3=C(C=C(C=C3O2)O)O)O
diosmetin,COC1=C(C=C(C=C1)C2=CC(=O)C3=C(C=C(C=C3O2)O)O)O
diosmetin,COC1=C(C=C(C=C1)C2=CC(=O)C3=C(C=C(C=C3O2)O)O)O
diosmetin,COC1=C(C=C(C=C1)C2=CC(=O)C3=C(C=C(C=C3O2)O)O)O
evodiamine,CN1[C@@H]2C3=C(CCN2C(=O)C4=CC=CC=C41)C5=CC=CC=C5N3
evodiamine,CN1[C@@H]2C3=C(CCN2C(=O)C4=CC=CC=C41)C5=CC=CC=C5N3
evodiamine,CN1[C@@H]2C3=C(CCN2C(=O)C4=CC=CC=C41)C5=CC=CC=C5N3
evodiamine,CN1[C@@H]2C3=C(CCN2C(=O)C4=CC=CC=C41)C5=CC=CC=C5N3
evodiamine,CN1[C@@H]2C3=C(CCN2C(=O)C4=CC=CC=C41)C5=CC=CC=C5N3
evodiamine,CN1[C@@H]2C3=C(CCN2C(=O)C4=CC=CC=C41)C5=CC=CC=C5N3
evodiamine,CN1[C@@H]2C3=C(CCN2C(=O)C4=CC=CC=C41)C5=CC=CC=C5N3
evodiamine,CN1[C@@H]2C3=C(CCN2C(=O)C4=CC=CC=C41)C5=CC=CC=C5N3
evodiamine,CN1[C@@H]2C3=C(CCN2C(=O)C4=CC=CC=C41)C5=CC=CC=C5N3
evodiamine,CN1[C@@H]2C3=C(CCN2C(=O)C4=CC=CC=C41)C5=CC=CC=C5N3
ferulic acid,COC1=C(C=CC(=C1)/C=C/C(=O)O)O
ferulic acid,COC1=C(C=CC(=C1)/C=C/C(=O)O)O
ferulic acid,COC1=C(C=CC(=C1)/C=C/C(=O)O)O
ferulic acid,COC1=C(C=CC(=C1)/C=C/C(=O)O)O
ferulic acid,COC1=C(C=CC(=C1)/C=C/C(=O)O)O
ferulic acid,COC1=C(C=CC(=C1)/C=C/C(=O)O)O
ferulic acid,COC1=C(C=CC(=C1)/C=C/C(=O)O)O
ferulic acid,COC1=C(C=CC(=C1)/C=C/C(=O)O)O
ferulic acid,COC1=C(C=CC(=C1)/C=C/C(=O)O)O
fisetin,C1=CC(=C(C=C1C2=C(C(=O)C3=C(O2)C=C(C=C3)O)O)O)O
fisetin,C1=CC(=C(C=C1C2=C(C(=O)C3=C(O2)C=C(C=C3)O)O)O)O
fisetin,C1=CC(=C(C=C1C2=C(C(=O)C3=C(O2)C=C(C=C3)O)O)O)O
fisetin,C1=CC(=C(C=C1C2=C(C(=O)C3=C(O2)C=C(C=C3)O)O)O)O
fisetin,C1=CC(=C(C=C1C2=C(C(=O)C3=C(O2)C=C(C=C3)O)O)O)O
fisetin,C1=CC(=C(C=C1C2=C(C(=O)C3=C(O2)C=C(C=C3)O)O)O)O
fisetin,C1=CC(=C(C=C1C2=C(C(=O)C3=C(O2)C=C(C=C3)O)O)O)O
fisetin,C1=CC(=C(C=C1C2=C(C(=O)C3=C(O2)C=C(C=C3)O)O)O)O
fisetin,C1=CC(=C(C=C1C2=C(C(=O)C3=C(O2)C=C(C=C3)O)O)O)O
fisetin,C1=CC(=C(C=C1C2=C(C(=O)C3=C(O2)C=C(C=C3)O)O)O)O
galangin,C1=CC=C(C=C1)C2=C(C(=O)C3=C(C=C(C=C3O2)O)O)O
galangin,C1=CC=C(C=C1)C2=C(C(=O)C3=C(C=C(C=C3O2)O)O)O
galangin,C1=CC=C(C=C1)C2=C(C(=O)C3=C(C=C(C=C3O2)O)O)O
galangin,C1=CC=C(C=C1)C2=C(C(=O)C3=C(C=C(C=C3O2)O)O)O
galangin,C1=CC=C(C=C1)C2=C(C(=O)C3=C(C=C(C=C3O2)O)O)O
galangin,C1=CC=C(C=C1)C2=C(C(=O)C3=C(C=C(C=C3O2)O)O)O
galangin,C1=CC=C(C=C1)C2=C(C(=O)C3=C(C=C(C=C3O2)O)O)O
galangin,C1=CC=C(C=C1)C2=C(C(=O)C3=C(C=C(C=C3O2)O)O)O
gallic acid,C1=C(C=C(C(=C1O)O)O)C(=O)O
gallic acid,C1=C(C=C(C(=C1O)O)O)C(=O)O
gallic acid,C1=C(C=C(C(=C1O)O)O)C(=O)O
gallic acid,C1=C(C=C(C(=C1O)O)O)C(=O)O
gallic acid,C1=C(C=C(C(=C1O)O)O)C(=O)O
gallic acid,C1=C(C=C(C(=C1O)O)O)C(=O)O
gallic acid,C1=C(C=C(C(=C1O)O)O)C(=O)O
gallic acid,C1=C(C=C(C(=C1O)O)O)C(=O)O
gallic acid,C1=C(C=C(C(=C1O)O)O)C(=O)O
gallic acid,C1=C(C=C(C(=C1O)O)O)C(=O)O
glabridin,CC1(C=CC2=C(O1)C=CC3=C2OC[C@H](C3)C4=C(C=C(C=C4)O)O)C
glabridin,CC1(C=CC2=C(O1)C=CC3=C2OC[C@H](C3)C4=C(C=C(C=C4)O)O)C
glabridin,CC1(C=CC2=C(O1)C=CC3=C2OC[C@H](C3)C4=C(C=C(C=C4)O)O)C
glabridin,CC1(C=CC2=C(O1)C=CC3=C2OC[C@H](C3)C4=C(C=C(C=C4)O)O)C
glabridin,CC1(C=CC2=C(O1)C=CC3=C2OC[C@H](C3)C4=C(C=C(C=C4)O)O)C
glabridin,CC1(C=CC2=C(O1)C=CC3=C2OC[C@H](C3)C4=C(C=C(C=C4)O)O)C
glabridin,CC1(C=CC2=C(O1)C=CC3=C2OC[C@H](C3)C4=C(C=C(C=C4)O)O)C
glabridin,CC1(C=CC2=C(O1)C=CC3=C2OC[C@H](C3)C4=C(C=C(C=C4)O)O)C
glycyrrhetinic acid,CC(CC(=O)/C=C(\\C)/[C@H]1C[C@@H]([C@@]2([C@@]1(CC(=O)C3=C2[C@H](C[C@@H]4[C@@]3(CCC(=O)C4(C)C)C)O)C)C)O)C(=O)O
glycyrrhetinic acid,CC(CC(=O)/C=C(\\C)/[C@H]1C[C@@H]([C@@]2([C@@]1(CC(=O)C3=C2[C@H](C[C@@H]4[C@@]3(CCC(=O)C4(C)C)C)O)C)C)O)C(=O)O
glycyrrhetinic acid,CC(CC(=O)/C=C(\\C)/[C@H]1C[C@@H]([C@@]2([C@@]1(CC(=O)C3=C2[C@H](C[C@@H]4[C@@]3(CCC(=O)C4(C)C)C)O)C)C)O)C(=O)O
glycyrrhetinic acid,CC(CC(=O)/C=C(\\C)/[C@H]1C[C@@H]([C@@]2([C@@]1(CC(=O)C3=C2[C@H](C[C@@H]4[C@@]3(CCC(=O)C4(C)C)C)O)C)C)O)C(=O)O
glycyrrhetinic acid,CC(CC(=O)/C=C(\\C)/[C@H]1C[C@@H]([C@@]2([C@@]1(CC(=O)C3=C2[C@H](C[C@@H]4[C@@]3(CCC(=O)C4(C)C)C)O)C)C)O)C(=O)O
glycyrrhetinic acid,CC(CC(=O)/C=C(\\C)/[C@H]1C[C@@H]([C@@]2([C@@]1(CC(=O)C3=C2[C@H](C[C@@H]4[C@@]3(CCC(=O)C4(C)C)C)O)C)C)O)C(=O)O
glycyrrhetinic acid,CC(CC(=O)/C=C(\\C)/[C@H]1C[C@@H]([C@@]2([C@@]1(CC(=O)C3=C2[C@H](C[C@@H]4[C@@]3(CCC(=O)C4(C)C)C)O)C)C)O)C(=O)O
glycyrrhetinic acid,CC(CC(=O)/C=C(\\C)/[C@H]1C[C@@H]([C@@]2([C@@]1(CC(=O)C3=C2[C@H](C[C@@H]4[C@@]3(CCC(=O)C4(C)C)C)O)C)C)O)C(=O)O
glycyrrhetinic acid,CC(CC(=O)/C=C(\\C)/[C@H]1C[C@@H]([C@@]2([C@@]1(CC(=O)C3=C2[C@H](C[C@@H]4[C@@]3(CCC(=O)C4(C)C)C)O)C)C)O)C(=O)O
glycyrrhizin,C[C@]12CC[C@](C[C@H]1C3=CC(=O)[C@@H]4[C@]5(CC[C@@H](C([C@@H]5CC[C@]4([C@@]3(CC2)C)C)(C)C)O[C@@H]6[C@@H]([C@H]([C@@H]([C@H](O6)C(=O)O)O)O)O[C@H]7[C@@H]([C@H]([C@@H]([C@H](O7)C(=O)O)O)O)O)C)(C)C(=O)O
glycyrrhizin,C[C@]12CC[C@](C[C@H]1C3=CC(=O)[C@@H]4[C@]5(CC[C@@H](C([C@@H]5CC[C@]4([C@@]3(CC2)C)C)(C)C)O[C@@H]6[C@@H]([C@H]([C@@H]([C@H](O6)C(=O)O)O)O)O[C@H]7[C@@H]([C@H]([C@@H]([C@H](O7)C(=O)O)O)O)O)C)(C)C(=O)O
glycyrrhizin,C[C@]12CC[C@](C[C@H]1C3=CC(=O)[C@@H]4[C@]5(CC[C@@H](C([C@@H]5CC[C@]4([C@@]3(CC2)C)C)(C)C)O[C@@H]6[C@@H]([C@H]([C@@H]([C@H](O6)C(=O)O)O)O)O[C@H]7[C@@H]([C@H]([C@@H]([C@H](O7)C(=O)O)O)O)O)C)(C)C(=O)O
glycyrrhizin,C[C@]12CC[C@](C[C@H]1C3=CC(=O)[C@@H]4[C@]5(CC[C@@H](C([C@@H]5CC[C@]4([C@@]3(CC2)C)C)(C)C)O[C@@H]6[C@@H]([C@H]([C@@H]([C@H](O6)C(=O)O)O)O)O[C@H]7[C@@H]([C@H]([C@@H]([C@H](O7)C(=O)O)O)O)O)C)(C)C(=O)O
glycyrrhizin,C[C@]12CC[C@](C[C@H]1C3=CC(=O)[C@@H]4[C@]5(CC[C@@H](C([C@@H]5CC[C@]4([C@@]3(CC2)C)C)(C)C)O[C@@H]6[C@@H]([C@H]([C@@H]([C@H](O6)C(=O)O)O)O)O[C@H]7[C@@H]([C@H]([C@@H]([C@H](O7)C(=O)O)O)O)O)C)(C)C(=O)O
hesperetin,COC1=C(C=C(C=C1)[C@@H]2CC(=O)C3=C(C=C(C=C3O2)O)O)O
hesperetin,COC1=C(C=C(C=C1)[C@@H]2CC(=O)C3=C(C=C(C=C3O2)O)O)O
hesperetin,COC1=C(C=C(C=C1)[C@@H]2CC(=O)C3=C(C=C(C=C3O2)O)O)O
hesperetin,COC1=C(C=C(C=C1)[C@@H]2CC(=O)C3=C(C=C(C=C3O2)O)O)O
hesperetin,COC1=C(C=C(C=C1)[C@@H]2CC(=O)C3=C(C=C(C=C3O2)O)O)O
hesperetin,COC1=C(C=C(C=C1)[C@@H]2CC(=O)C3=C(C=C(C=C3O2)O)O)O
hesperetin,COC1=C(C=C(C=C1)[C@@H]2CC(=O)C3=C(C=C(C=C3O2)O)O)O
hesperetin,COC1=C(C=C(C=C1)[C@@H]2CC(=O)C3=C(C=C(C=C3O2)O)O)O
honokiol,C=CCC1=CC(=C(C=C1)O)C2=CC(=C(C=C2)O)CC=C
honokiol,C=CCC1=CC(=C(C=C1)O)C2=CC(=C(C=C2)O)CC=C
honokiol,C=CCC1=CC(=C(C=C1)O)C2=CC(=C(C=C2)O)CC=C
honokiol,C=CCC1=CC(=C(C=C1)O)C2=CC(=C(C=C2)O)CC=C
honokiol,C=CCC1=CC(=C(C=C1)O)C2=CC(=C(C=C2)O)CC=C
honokiol,C=CCC1=CC(=C(C=C1)O)C2=CC(=C(C=C2)O)CC=C
honokiol,C=CCC1=CC(=C(C=C1)O)C2=CC(=C(C=C2)O)CC=C
honokiol,C=CCC1=CC(=C(C=C1)O)C2=CC(=C(C=C2)O)CC=C
honokiol,C=CCC1=CC(=C(C=C1)O)C2=CC(=C(C=C2)O)CC=C
imperatorin,CC(=CCOC1=C2C(=CC3=C1OC=C3)C=CC(=O)O2)C
imperatorin,CC(=CCOC1=C2C(=CC3=C1OC=C3)C=CC(=O)O2)C
imperatorin,CC(=CCOC1=C2C(=CC3=C1OC=C3)C=CC(=O)O2)C
imperatorin,CC(=CCOC1=C2C(=CC3=C1OC=C3)C=CC(=O)O2)C
imperatorin,CC(=CCOC1=C2C(=CC3=C1OC=C3)C=CC(=O)O2)C
imperatorin,CC(=CCOC1=C2C(=CC3=C1OC=C3)C=CC(=O)O2)C
imperatorin,CC(=CCOC1=C2C(=CC3=C1OC=C3)C=CC(=O)O2)C
isoimperatorin,CC(=CCOC1=C2C=CC(=O)OC2=CC3=C1C=CO3)C
isoimperatorin,CC(=CCOC1=C2C=CC(=O)OC2=CC3=C1C=CO3)C
isoimperatorin,CC(=CCOC1=C2C=CC(=O)OC2=CC3=C1C=CO3)C
isoimperatorin,CC(=CCOC1=C2C=CC(=O)OC2=CC3=C1C=CO3)C
isoimperatorin,CC(=CCOC1=C2C=CC(=O)OC2=CC3=C1C=CO3)C
isoimperatorin,CC(=CCOC1=C2C=CC(=O)OC2=CC3=C1C=CO3)C
isoimperatorin,CC(=CCOC1=C2C=CC(=O)OC2=CC3=C1C=CO3)C
isoimperatorin,CC(=CCOC1=C2C=CC(=O)OC2=CC3=C1C=CO3)C
isoimperatorin,CC(=CCOC1=C2C=CC(=O)OC2=CC3=C1C=CO3)C
isorhamnetin,COC1=C(C=CC(=C1)C2=C(C(=O)C3=C(C=C(C=C3O2)O)O)O)O
isorhamnetin,COC1=C(C=CC(=C1)C2=C(C(=O)C3=C(C=C(C=C3O2)O)O)O)O
isorhamnetin,COC1=C(C=CC(=C1)C2=C(C(=O)C3=C(C=C(C=C3O2)O)O)O)O
isorhamnetin,COC1=C(C=CC(=C1)C2=C(C(=O)C3=C(C=C(C=C3O2)O)O)O)O
isorhamnetin,COC1=C(C=CC(=C1)C2=C(C(=O)C3=C(C=C(C=C3O2)O)O)O)O
isorhamnetin,COC1=C(C=CC(=C1)C2=C(C(=O)C3=C(C=C(C=C3O2)O)O)O)O
isorhamnetin,COC1=C(C=CC(=C1)C2=C(C(=O)C3=C(C=C(C=C3O2)O)O)O)O
jatrorrhizine,COC1=C(C2=C[N+]3=C(C=C2C=C1)C4=CC(=C(C=C4CC3)O)OC)OC
jatrorrhizine,COC1=C(C2=C[N+]3=C(C=C2C=C1)C4=CC(=C(C=C4CC3)O)OC)OC
jatrorrhizine,COC1=C(C2=C[N+]3=C(C=C2C=C1)C4=CC(=C(C=C4CC3)O)OC)OC
jatrorrhizine,COC1=C(C2=C[N+]3=C(C=C2C=C1)C4=CC(=C(C=C4CC3)O)OC)OC
jatrorrhizine,COC1=C(C2=C[N+]3=C(C=C2C=C1)C4=CC(=C(C=C4CC3)O)OC)OC
jatrorrhizine,COC1=C(C2=C[N+]3=C(C=C2C=C1)C4=CC(=C(C=C4CC3)O)OC)OC
jatrorrhizine,COC1=C(C2=C[N+]3=C(C=C2C=C1)C4=CC(=C(C=C4CC3)O)OC)OC
jatrorrhizine,COC1=C(C2=C[N+]3=C(C=C2C=C1)C4=CC(=C(C=C4CC3)O)OC)OC
jatrorrhizine,COC1=C(C2=C[N+]3=C(C=C2C=C1)C4=CC(=C(C=C4CC3)O)OC)OC
kaempferol,C1=CC(=CC=C1C2=C(C(=O)C3=C(C=C(C=C3O2)O)O)O)O
kaempferol,C1=CC(=CC=C1C2=C(C(=O)C3=C(C=C(C=C3O2)O)O)O)O
kaempferol,C1=CC(=CC=C1C2=C(C(=O)C3=C(C=C(C=C3O2)O)O)O)O
kaempferol,C1=CC(=CC=C1C2=C(C(=O)C3=C(C=C(C=C3O2)O)O)O)O
kaempferol,C1=CC(=CC=C1C2=C(C(=O)C3=C(C=C(C=C3O2)O)O)O)O
kaempferol,C1=CC(=CC=C1C2=C(C(=O)C3=C(C=C(C=C3O2)O)O)O)O
kaempferol,C1=CC(=CC=C1C2=C(C(=O)C3=C(C=C(C=C3O2)O)O)O)O
kaempferol,C1=CC(=CC=C1C2=C(C(=O)C3=C(C=C(C=C3O2)O)O)O)O
kaempferol,C1=CC(=CC=C1C2=C(C(=O)C3=C(C=C(C=C3O2)O)O)O)O
kaempferol,C1=CC(=CC=C1C2=C(C(=O)C3=C(C=C(C=C3O2)O)O)O)O
ligustilide,C[C@@]12CC[C@H]([C@@]([C@H]1CCC(=C)[C@H]2C/C=C/3\\[C@@H](COC3=O)O)(C)CO)O
ligustilide,C[C@@]12CC[C@H]([C@@]([C@H]1CCC(=C)[C@H]2C/C=C/3\\[C@@H](COC3=O)O)(C)CO)O
liquiritigenin,C1[C@H](OC2=C(C1=O)C=CC(=C2)O)C3=CC=C(C=C3)O
liquiritigenin,C1[C@H](OC2=C(C1=O)C=CC(=C2)O)C3=CC=C(C=C3)O
liquiritigenin,C1[C@H](OC2=C(C1=O)C=CC(=C2)O)C3=CC=C(C=C3)O
luteolin,C1=CC(=C(C=C1C2=CC(=O)C3=C(C=C(C=C3O2)O)O)O)O
luteolin,C1=CC(=C(C=C1C2=CC(=O)C3=C(C=C(C=C3O2)O)O)O)O
luteolin,C1=CC(=C(C=C1C2=CC(=O)C3=C(C=C(C=C3O2)O)O)O)O
luteolin,C1=CC(=C(C=C1C2=CC(=O)C3=C(C=C(C=C3O2)O)O)O)O
luteolin,C1=CC(=C(C=C1C2=CC(=O)C3=C(C=C(C=C3O2)O)O)O)O
luteolin,C1=CC(=C(C=C1C2=CC(=O)C3=C(C=C(C=C3O2)O)O)O)O
luteolin,C1=CC(=C(C=C1C2=CC(=O)C3=C(C=C(C=C3O2)O)O)O)O
luteolin,C1=CC(=C(C=C1C2=CC(=O)C3=C(C=C(C=C3O2)O)O)O)O
luteolin,C1=CC(=C(C=C1C2=CC(=O)C3=C(C=C(C=C3O2)O)O)O)O
luteolin,C1=CC(=C(C=C1C2=CC(=O)C3=C(C=C(C=C3O2)O)O)O)O
magnolol,C=CCC1=CC(=C(C=C1)O)C2=C(C=CC(=C2)CC=C)O
magnolol,C=CCC1=CC(=C(C=C1)O)C2=C(C=CC(=C2)CC=C)O
magnolol,C=CCC1=CC(=C(C=C1)O)C2=C(C=CC(=C2)CC=C)O
magnolol,C=CCC1=CC(=C(C=C1)O)C2=C(C=CC(=C2)CC=C)O
magnolol,C=CCC1=CC(=C(C=C1)O)C2=C(C=CC(=C2)CC=C)O
magnolol,C=CCC1=CC(=C(C=C1)O)C2=C(C=CC(=C2)CC=C)O
magnolol,C=CCC1=CC(=C(C=C1)O)C2=C(C=CC(=C2)CC=C)O
magnolol,C=CCC1=CC(=C(C=C1)O)C2=C(C=CC(=C2)CC=C)O
magnolol,C=CCC1=CC(=C(C=C1)O)C2=C(C=CC(=C2)CC=C)O
myricetin,C1=C(C=C(C(=C1O)O)O)C2=C(C(=O)C3=C(C=C(C=C3O2)O)O)O
myricetin,C1=C(C=C(C(=C1O)O)O)C2=C(C(=O)C3=C(C=C(C=C3O2)O)O)O
myricetin,C1=C(C=C(C(=C1O)O)O)C2=C(C(=O)C3=C(C=C(C=C3O2)O)O)O
myricetin,C1=C(C=C(C(=C1O)O)O)C2=C(C(=O)C3=C(C=C(C=C3O2)O)O)O
myricetin,C1=C(C=C(C(=C1O)O)O)C2=C(C(=O)C3=C(C=C(C=C3O2)O)O)O
myricetin,C1=C(C=C(C(=C1O)O)O)C2=C(C(=O)C3=C(C=C(C=C3O2)O)O)O
myricetin,C1=C(C=C(C(=C1O)O)O)C2=C(C(=O)C3=C(C=C(C=C3O2)O)O)O
myricetin,C1=C(C=C(C(=C1O)O)O)C2=C(C(=O)C3=C(C=C(C=C3O2)O)O)O
myricetin,C1=C(C=C(C(=C1O)O)O)C2=C(C(=O)C3=C(C=C(C=C3O2)O)O)O
myricetin,C1=C(C=C(C(=C1O)O)O)C2=C(C(=O)C3=C(C=C(C=C3O2)O)O)O
naringenin,C1[C@H](OC2=CC(=CC(=C2C1=O)O)O)C3=CC=C(C=C3)O
naringenin,C1[C@H](OC2=CC(=CC(=C2C1=O)O)O)C3=CC=C(C=C3)O
naringenin,C1[C@H](OC2=CC(=CC(=C2C1=O)O)O)C3=CC=C(C=C3)O
naringenin,C1[C@H](OC2=CC(=CC(=C2C1=O)O)O)C3=CC=C(C=C3)O
naringenin,C1[C@H](OC2=CC(=CC(=C2C1=O)O)O)C3=CC=C(C=C3)O
naringenin,C1[C@H](OC2=CC(=CC(=C2C1=O)O)O)C3=CC=C(C=C3)O
naringenin,C1[C@H](OC2=CC(=CC(=C2C1=O)O)O)C3=CC=C(C=C3)O
naringenin,C1[C@H](OC2=CC(=CC(=C2C1=O)O)O)C3=CC=C(C=C3)O
nobiletin,COC1=C(C=C(C=C1)C2=CC(=O)C3=C(O2)C(=C(C(=C3OC)OC)OC)OC)OC
nobiletin,COC1=C(C=C(C=C1)C2=CC(=O)C3=C(O2)C(=C(C(=C3OC)OC)OC)OC)OC
nobiletin,COC1=C(C=C(C=C1)C2=CC(=O)C3=C(O2)C(=C(C(=C3OC)OC)OC)OC)OC
nobiletin,COC1=C(C=C(C=C1)C2=CC(=O)C3=C(O2)C(=C(C(=C3OC)OC)OC)OC)OC
nobiletin,COC1=C(C=C(C=C1)C2=CC(=O)C3=C(O2)C(=C(C(=C3OC)OC)OC)OC)OC
nobiletin,COC1=C(C=C(C=C1)C2=CC(=O)C3=C(O2)C(=C(C(=C3OC)OC)OC)OC)OC
nobiletin,COC1=C(C=C(C=C1)C2=CC(=O)C3=C(O2)C(=C(C(=C3OC)OC)OC)OC)OC
nobiletin,COC1=C(C=C(C=C1)C2=CC(=O)C3=C(O2)C(=C(C(=C3OC)OC)OC)OC)OC
nobiletin,COC1=C(C=C(C=C1)C2=CC(=O)C3=C(O2)C(=C(C(=C3OC)OC)OC)OC)OC
oroxylin A,COC1=C(C2=C(C=C1O)OC(=CC2=O)C3=CC=CC=C3)O
oroxylin A,COC1=C(C2=C(C=C1O)OC(=CC2=O)C3=CC=CC=C3)O
oroxylin A,COC1=C(C2=C(C=C1O)OC(=CC2=O)C3=CC=CC=C3)O
oroxylin A,COC1=C(C2=C(C=C1O)OC(=CC2=O)C3=CC=CC=C3)O
oroxylin A,COC1=C(C2=C(C=C1O)OC(=CC2=O)C3=CC=CC=C3)O
oroxylin A,COC1=C(C2=C(C=C1O)OC(=CC2=O)C3=CC=CC=C3)O
oroxylin A,COC1=C(C2=C(C=C1O)OC(=CC2=O)C3=CC=CC=C3)O
oroxylin A,COC1=C(C2=C(C=C1O)OC(=CC2=O)C3=CC=CC=C3)O
oroxylin A,COC1=C(C2=C(C=C1O)OC(=CC2=O)C3=CC=CC=C3)O
oroxylin A,COC1=C(C2=C(C=C1O)OC(=CC2=O)C3=CC=CC=C3)O
osthole,CC(=CCC1=C(C=CC2=C1OC(=O)C=C2)OC)C
osthole,CC(=CCC1=C(C=CC2=C1OC(=O)C=C2)OC)C
osthole,CC(=CCC1=C(C=CC2=C1OC(=O)C=C2)OC)C
osthole,CC(=CCC1=C(C=CC2=C1OC(=O)C=C2)OC)C
osthole,CC(=CCC1=C(C=CC2=C1OC(=O)C=C2)OC)C
osthole,CC(=CCC1=C(C=CC2=C1OC(=O)C=C2)OC)C
osthole,CC(=CCC1=C(C=CC2=C1OC(=O)C=C2)OC)C
osthole,CC(=CCC1=C(C=CC2=C1OC(=O)C=C2)OC)C
osthole,CC(=CCC1=C(C=CC2=C1OC(=O)C=C2)OC)C
palmatine,COC1=C(C2=C[N+]3=C(C=C2C=C1)C4=CC(=C(C=C4CC3)OC)OC)OC
palmatine,COC1=C(C2=C[N+]3=C(C=C2C=C1)C4=CC(=C(C=C4CC3)OC)OC)OC
palmatine,COC1=C(C2=C[N+]3=C(C=C2C=C1)C4=CC(=C(C=C4CC3)OC)OC)OC
palmatine,COC1=C(C2=C[N+]3=C(C=C2C=C1)C4=CC(=C(C=C4CC3)OC)OC)OC
palmatine,COC1=C(C2=C[N+]3=C(C=C2C=C1)C4=CC(=C(C=C4CC3)OC)OC)OC
palmatine,COC1=C(C2=C[N+]3=C(C=C2C=C1)C4=CC(=C(C=C4CC3)OC)OC)OC
pinoresinol,COC1=C(C=CC(=C1)[C@@H]2[C@H]3CO[C@@H]([C@H]3CO2)C4=CC(=C(C=C4)O)OC)O
pinoresinol,COC1=C(C=CC(=C1)[C@@H]2[C@H]3CO[C@@H]([C@H]3CO2)C4=CC(=C(C=C4)O)OC)O
pinoresinol,COC1=C(C=CC(=C1)[C@@H]2[C@H]3CO[C@@H]([C@H]3CO2)C4=CC(=C(C=C4)O)OC)O
pinoresinol,COC1=C(C=CC(=C1)[C@@H]2[C@H]3CO[C@@H]([C@H]3CO2)C4=CC(=C(C=C4)O)OC)O
pinoresinol,COC1=C(C=CC(=C1)[C@@H]2[C@H]3CO[C@@H]([C@H]3CO2)C4=CC(=C(C=C4)O)OC)O
pinoresinol,COC1=C(C=CC(=C1)[C@@H]2[C@H]3CO[C@@H]([C@H]3CO2)C4=CC(=C(C=C4)O)OC)O
protocatechuic acid,C1=CC(=C(C=C1C(=O)O)O)O
protocatechuic acid,C1=CC(=C(C=C1C(=O)O)O)O
protocatechuic acid,C1=CC(=C(C=C1C(=O)O)O)O
protocatechuic acid,C1=CC(=C(C=C1C(=O)O)O)O
protocatechuic acid,C1=CC(=C(C=C1C(=O)O)O)O
protocatechuic acid,C1=CC(=C(C=C1C(=O)O)O)O
psoralen,C1=CC(=O)OC2=CC3=C(C=CO3)C=C21
psoralen,C1=CC(=O)OC2=CC3=C(C=CO3)C=C21
psoralen,C1=CC(=O)OC2=CC3=C(C=CO3)C=C21
psoralen,C1=CC(=O)OC2=CC3=C(C=CO3)C=C21
psoralen,C1=CC(=O)OC2=CC3=C(C=CO3)C=C21
psoralen,C1=CC(=O)OC2=CC3=C(C=CO3)C=C21
psoralen,C1=CC(=O)OC2=CC3=C(C=CO3)C=C21
psoralen,C1=CC(=O)OC2=CC3=C(C=CO3)C=C21
psoralen,C1=CC(=O)OC2=CC3=C(C=CO3)C=C21
quercetin,C1=CC(=C(C=C1C2=C(C(=O)C3=C(C=C(C=C3O2)O)O)O)O)O
quercetin,C1=CC(=C(C=C1C2=C(C(=O)C3=C(C=C(C=C3O2)O)O)O)O)O
quercetin,C1=CC(=C(C=C1C2=C(C(=O)C3=C(C=C(C=C3O2)O)O)O)O)O
quercetin,C1=CC(=C(C=C1C2=C(C(=O)C3=C(C=C(C=C3O2)O)O)O)O)O
quercetin,C1=CC(=C(C=C1C2=C(C(=O)C3=C(C=C(C=C3O2)O)O)O)O)O
quercetin,C1=CC(=C(C=C1C2=C(C(=O)C3=C(C=C(C=C3O2)O)O)O)O)O
quercetin,C1=CC(=C(C=C1C2=C(C(=O)C3=C(C=C(C=C3O2)O)O)O)O)O
quercetin,C1=CC(=C(C=C1C2=C(C(=O)C3=C(C=C(C=C3O2)O)O)O)O)O
quercetin,C1=CC(=C(C=C1C2=C(C(=O)C3=C(C=C(C=C3O2)O)O)O)O)O
resveratrol,C1=CC(=CC=C1/C=C/C2=CC(=CC(=C2)O)O)O
resveratrol,C1=CC(=CC=C1/C=C/C2=CC(=CC(=C2)O)O)O
resveratrol,C1=CC(=CC=C1/C=C/C2=CC(=CC(=C2)O)O)O
resveratrol,C1=CC(=CC=C1/C=C/C2=CC(=CC(=C2)O)O)O
resveratrol,C1=CC(=CC=C1/C=C/C2=CC(=CC(=C2)O)O)O
resveratrol,C1=CC(=CC=C1/C=C/C2=CC(=CC(=C2)O)O)O
resveratrol,C1=CC(=CC=C1/C=C/C2=CC(=CC(=C2)O)O)O
resveratrol,C1=CC(=CC=C1/C=C/C2=CC(=CC(=C2)O)O)O
resveratrol,C1=CC(=CC=C1/C=C/C2=CC(=CC(=C2)O)O)O
resveratrol,C1=CC(=CC=C1/C=C/C2=CC(=CC(=C2)O)O)O
rosmarinic acid,C1=CC(=C(C=C1C[C@H](C(=O)O)OC(=O)/C=C/C2=CC(=C(C=C2)O)O)O)O
rosmarinic acid,C1=CC(=C(C=C1C[C@H](C(=O)O)OC(=O)/C=C/C2=CC(=C(C=C2)O)O)O)O
rosmarinic acid,C1=CC(=C(C=C1C[C@H](C(=O)O)OC(=O)/C=C/C2=CC(=C(C=C2)O)O)O)O
rosmarinic acid,C1=CC(=C(C=C1C[C@H](C(=O)O)OC(=O)/C=C/C2=CC(=C(C=C2)O)O)O)O
rosmarinic acid,C1=CC(=C(C=C1C[C@H](C(=O)O)OC(=O)/C=C/C2=CC(=C(C=C2)O)O)O)O
rosmarinic acid,C1=CC(=C(C=C1C[C@H](C(=O)O)OC(=O)/C=C/C2=CC(=C(C=C2)O)O)O)O
rutaecarpine,C1CN2C(=NC3=CC=CC=C3C2=O)C4=C1C5=CC=CC=C5N4
rutaecarpine,C1CN2C(=NC3=CC=CC=C3C2=O)C4=C1C5=CC=CC=C5N4
rutaecarpine,C1CN2C(=NC3=CC=CC=C3C2=O)C4=C1C5=CC=CC=C5N4
rutaecarpine,C1CN2C(=NC3=CC=CC=C3C2=O)C4=C1C5=CC=CC=C5N4
rutaecarpine,C1CN2C(=NC3=CC=CC=C3C2=O)C4=C1C5=CC=CC=C5N4
rutaecarpine,C1CN2C(=NC3=CC=CC=C3C2=O)C4=C1C5=CC=CC=C5N4
rutaecarpine,C1CN2C(=NC3=CC=CC=C3C2=O)C4=C1C5=CC=CC=C5N4
rutaecarpine,C1CN2C(=NC3=CC=CC=C3C2=O)C4=C1C5=CC=CC=C5N4
rutaecarpine,C1CN2C(=NC3=CC=CC=C3C2=O)C4=C1C5=CC=CC=C5N4
rutaecarpine,C1CN2C(=NC3=CC=CC=C3C2=O)C4=C1C5=CC=CC=C5N4
rutin,C[C@H]1[C@@H]([C@H]([C@H]([C@@H](O1)OC[C@@H]2[C@H]([C@@H]([C@H]([C@@H](O2)OC3=C(OC4=CC(=CC(=C4C3=O)O)O)C5=CC(=C(C=C5)O)O)O)O)O)O)O)O
rutin,C[C@H]1[C@@H]([C@H]([C@H]([C@@H](O1)OC[C@@H]2[C@H]([C@@H]([C@H]([C@@H](O2)OC3=C(OC4=CC(=CC(=C4C3=O)O)O)C5=CC(=C(C=C5)O)O)O)O)O)O)O)O
rutin,C[C@H]1[C@@H]([C@H]([C@H]([C@@H](O1)OC[C@@H]2[C@H]([C@@H]([C@H]([C@@H](O2)OC3=C(OC4=CC(=CC(=C4C3=O)O)O)C5=CC(=C(C=C5)O)O)O)O)O)O)O)O
rutin,C[C@H]1[C@@H]([C@H]([C@H]([C@@H](O1)OC[C@@H]2[C@H]([C@@H]([C@H]([C@@H](O2)OC3=C(OC4=CC(=CC(=C4C3=O)O)O)C5=CC(=C(C=C5)O)O)O)O)O)O)O)O
rutin,C[C@H]1[C@@H]([C@H]([C@H]([C@@H](O1)OC[C@@H]2[C@H]([C@@H]([C@H]([C@@H](O2)OC3=C(OC4=CC(=CC(=C4C3=O)O)O)C5=CC(=C(C=C5)O)O)O)O)O)O)O)O
scutellarin, C1=CC(=CC=C1C2=CC(=O)C3=C(O2)C=C(C(=C3O)O)O)O
scutellarin, C1=CC(=CC=C1C2=CC(=O)C3=C(O2)C=C(C(=C3O)O)O)O
scutellarin, C1=CC(=CC=C1C2=CC(=O)C3=C(O2)C=C(C(=C3O)O)O)O
scutellarin, C1=CC(=CC=C1C2=CC(=O)C3=C(O2)C=C(C(=C3O)O)O)O
scutellarin, C1=CC(=CC=C1C2=CC(=O)C3=C(O2)C=C(C(=C3O)O)O)O
scutellarin, C1=CC(=CC=C1C2=CC(=O)C3=C(O2)C=C(C(=C3O)O)O)O
scutellarin, C1=CC(=CC=C1C2=CC(=O)C3=C(O2)C=C(C(=C3O)O)O)O
scutellarin, C1=CC(=CC=C1C2=CC(=O)C3=C(O2)C=C(C(=C3O)O)O)O
scutellarin, C1=CC(=CC=C1C2=CC(=O)C3=C(O2)C=C(C(=C3O)O)O)O
scutellarin, C1=CC(=CC=C1C2=CC(=O)C3=C(O2)C=C(C(=C3O)O)O)O
sinensetin,COC1=C(C=C(C=C1)C2=CC(=O)C3=C(C(=C(C=C3O2)OC)OC)OC)OC
sinensetin,COC1=C(C=C(C=C1)C2=CC(=O)C3=C(C(=C(C=C3O2)OC)OC)OC)OC
sinensetin,COC1=C(C=C(C=C1)C2=CC(=O)C3=C(C(=C(C=C3O2)OC)OC)OC)OC
sinensetin,COC1=C(C=C(C=C1)C2=CC(=O)C3=C(C(=C(C=C3O2)OC)OC)OC)OC
sinensetin,COC1=C(C=C(C=C1)C2=CC(=O)C3=C(C(=C(C=C3O2)OC)OC)OC)OC
sinensetin,COC1=C(C=C(C=C1)C2=CC(=O)C3=C(C(=C(C=C3O2)OC)OC)OC)OC
sinensetin,COC1=C(C=C(C=C1)C2=CC(=O)C3=C(C(=C(C=C3O2)OC)OC)OC)OC
sinensetin,COC1=C(C=C(C=C1)C2=CC(=O)C3=C(C(=C(C=C3O2)OC)OC)OC)OC
sinensetin,COC1=C(C=C(C=C1)C2=CC(=O)C3=C(C(=C(C=C3O2)OC)OC)OC)OC
sinensetin,COC1=C(C=C(C=C1)C2=CC(=O)C3=C(C(=C(C=C3O2)OC)OC)OC)OC
tangeretin, CC1=CC(=C(C=C1)C)[C@@H]2C(=C(OC3=C2C(=O)CCC3)N)C#N
tangeretin, CC1=CC(=C(C=C1)C)[C@@H]2C(=C(OC3=C2C(=O)CCC3)N)C#N
tangeretin, CC1=CC(=C(C=C1)C)[C@@H]2C(=C(OC3=C2C(=O)CCC3)N)C#N
tangeretin, CC1=CC(=C(C=C1)C)[C@@H]2C(=C(OC3=C2C(=O)CCC3)N)C#N
tangeretin, CC1=CC(=C(C=C1)C)[C@@H]2C(=C(OC3=C2C(=O)CCC3)N)C#N
tangeretin, CC1=CC(=C(C=C1)C)[C@@H]2C(=C(OC3=C2C(=O)CCC3)N)C#N
tangeretin, CC1=CC(=C(C=C1)C)[C@@H]2C(=C(OC3=C2C(=O)CCC3)N)C#N
tangeretin, CC1=CC(=C(C=C1)C)[C@@H]2C(=C(OC3=C2C(=O)CCC3)N)C#N
tangeretin,COC1=CC=C(C=C1)C2=CC(=O)C3=C(O2)C(=C(C(=C3OC)OC)OC)OC
tanshinone I,CC1=C2C=CC3=C(C2=CC=C1)C(=O)C(=O)C4=C3OC=C4C
tanshinone I,CC1=C2C=CC3=C(C2=CC=C1)C(=O)C(=O)C4=C3OC=C4C
tanshinone I,CC1=C2C=CC3=C(C2=CC=C1)C(=O)C(=O)C4=C3OC=C4C
tanshinone I,CC1=C2C=CC3=C(C2=CC=C1)C(=O)C(=O)C4=C3OC=C4C
tanshinone I,CC1=C2C=CC3=C(C2=CC=C1)C(=O)C(=O)C4=C3OC=C4C
tanshinone I,CC1=C2C=CC3=C(C2=CC=C1)C(=O)C(=O)C4=C3OC=C4C
tanshinone I,CC1=C2C=CC3=C(C2=CC=C1)C(=O)C(=O)C4=C3OC=C4C
tanshinone I,CC1=C2C=CC3=C(C2=CC=C1)C(=O)C(=O)C4=C3OC=C4C
tanshinone I,CC1=C2C=CC3=C(C2=CC=C1)C(=O)C(=O)C4=C3OC=C4C
tanshinone I,CC1=C2C=CC3=C(C2=CC=C1)C(=O)C(=O)C4=C3OC=C4C
tanshinone IIA,CC1=COC2=C1C(=O)C(=O)C3=C2C=CC4=C3CCCC4(C)C
tanshinone IIA,CC1=COC2=C1C(=O)C(=O)C3=C2C=CC4=C3CCCC4(C)C
tanshinone IIA,CC1=COC2=C1C(=O)C(=O)C3=C2C=CC4=C3CCCC4(C)C
tanshinone IIA,CC1=COC2=C1C(=O)C(=O)C3=C2C=CC4=C3CCCC4(C)C
tanshinone IIA,CC1=COC2=C1C(=O)C(=O)C3=C2C=CC4=C3CCCC4(C)C
tanshinone IIA,CC1=COC2=C1C(=O)C(=O)C3=C2C=CC4=C3CCCC4(C)C
tanshinone IIA,CC1=COC2=C1C(=O)C(=O)C3=C2C=CC4=C3CCCC4(C)C
tanshinone IIA,CC1=COC2=C1C(=O)C(=O)C3=C2C=CC4=C3CCCC4(C)C
tanshinone IIA,CC1=COC2=C1C(=O)C(=O)C3=C2C=CC4=C3CCCC4(C)C
taxifolin,C1=CC(=C(C=C1[C@@H]2[C@H](C(=O)C3=C(C=C(C=C3O2)O)O)O)O)O
taxifolin,C1=CC(=C(C=C1[C@@H]2[C@H](C(=O)C3=C(C=C(C=C3O2)O)O)O)O)O
taxifolin,C1=CC(=C(C=C1[C@@H]2[C@H](C(=O)C3=C(C=C(C=C3O2)O)O)O)O)O
taxifolin,C1=CC(=C(C=C1[C@@H]2[C@H](C(=O)C3=C(C=C(C=C3O2)O)O)O)O)O
taxifolin,C1=CC(=C(C=C1[C@@H]2[C@H](C(=O)C3=C(C=C(C=C3O2)O)O)O)O)O
taxifolin,C1=CC(=C(C=C1[C@@H]2[C@H](C(=O)C3=C(C=C(C=C3O2)O)O)O)O)O
taxifolin,C1=CC(=C(C=C1[C@@H]2[C@H](C(=O)C3=C(C=C(C=C3O2)O)O)O)O)O
tetrahydropalmatine,COC1=C(C2=C(C[C@H]3C4=CC(=C(C=C4CCN3C2)OC)OC)C=C1)OC
tetrahydropalmatine,COC1=C(C2=C(C[C@H]3C4=CC(=C(C=C4CCN3C2)OC)OC)C=C1)OC
tetrahydropalmatine,COC1=C(C2=C(C[C@H]3C4=CC(=C(C=C4CCN3C2)OC)OC)C=C1)OC
tetrahydropalmatine,COC1=C(C2=C(C[C@H]3C4=CC(=C(C=C4CCN3C2)OC)OC)C=C1)OC
tetrahydropalmatine,COC1=C(C2=C(C[C@H]3C4=CC(=C(C=C4CCN3C2)OC)OC)C=C1)OC
tetrahydropalmatine,COC1=C(C2=C(C[C@H]3C4=CC(=C(C=C4CCN3C2)OC)OC)C=C1)OC
tetrahydropalmatine,COC1=C(C2=C(C[C@H]3C4=CC(=C(C=C4CCN3C2)OC)OC)C=C1)OC
tetrahydropalmatine,COC1=C(C2=C(C[C@H]3C4=CC(=C(C=C4CCN3C2)OC)OC)C=C1)OC
tetrahydropalmatine,COC1=C(C2=C(C[C@H]3C4=CC(=C(C=C4CCN3C2)OC)OC)C=C1)OC
tetrahydropalmatine,COC1=C(C2=C(C[C@H]3C4=CC(=C(C=C4CCN3C2)OC)OC)C=C1)OC
wogonin,COC1=C(C=C(C2=C1OC(=CC2=O)C3=CC=CC=C3)O)O
wogonin,COC1=C(C=C(C2=C1OC(=CC2=O)C3=CC=CC=C3)O)O
wogonin,COC1=C(C=C(C2=C1OC(=CC2=O)C3=CC=CC=C3)O)O
wogonin,COC1=C(C=C(C2=C1OC(=CC2=O)C3=CC=CC=C3)O)O
wogonin,COC1=C(C=C(C2=C1OC(=CC2=O)C3=CC=CC=C3)O)O
wogonin,COC1=C(C=C(C2=C1OC(=CC2=O)C3=CC=CC=C3)O)O
wogonin,COC1=C(C=C(C2=C1OC(=CC2=O)C3=CC=CC=C3)O)O
wogonin,COC1=C(C=C(C2=C1OC(=CC2=O)C3=CC=CC=C3)O)O
xanthotoxin,COC1=C2C(=CC3=C1OC=C3)C=CC(=O)O2
xanthotoxin,COC1=C2C(=CC3=C1OC=C3)C=CC(=O)O2
xanthotoxin,COC1=C2C(=CC3=C1OC=C3)C=CC(=O)O2
xanthotoxin,COC1=C2C(=CC3=C1OC=C3)C=CC(=O)O2
xanthotoxin,COC1=C2C(=CC3=C1OC=C3)C=CC(=O)O2
xanthotoxin,COC1=C2C(=CC3=C1OC=C3)C=CC(=O)O2
xanthotoxin,COC1=C2C(=CC3=C1OC=C3)C=CC(=O)O2
xanthotoxin,COC1=C2C(=CC3=C1OC=C3)C=CC(=O)O2
xanthotoxin,COC1=C2C(=CC3=C1OC=C3)C=CC(=O)O2
,
,